{
    "swagger": "2.0",
    "info": {
        "contact": {},
        "license": {}
    },
    "paths": {
        "/demo/bind": {
            "post": {
                "description": "测试数据绑定",
                "consumes": [
                    "application/json"
                ],
                "produces": [
                    "application/json"
                ],
                "tags": [
                    "用户"
                ],
                "summary": "测试数据绑定",
                "operationId": "/demo/bind",
                "parameters": [
                    {
                        "description": "body",
                        "name": "polygon",
                        "in": "body",
                        "required": true,
                        "schema": {
                            "$ref": "#/definitions/dto.DemoInput"
                        }
                    }
                ],
                "responses": {
                    "200": {
                        "description": "success",
                        "schema": {
                            "allOf": [
                                {
                                    "$ref": "#/definitions/middleware.Response"
                                },
                                {
                                    "type": "object",
                                    "properties": {
                                        "data": {
                                            "$ref": "#/definitions/dto.DemoInput"
                                        }
                                    }
                                }
                            ]
                        }
                    }
                }
            }
        }
    },
    "definitions": {
        "dto.DemoInput": {
            "type": "object",
            "required": [
                "age",
                "name",
                "passwd"
            ],
            "properties": {
                "age": {
                    "type": "integer",
                    "example": 20
                },
                "name": {
                    "type": "string",
                    "example": "姓名"
                },
                "passwd": {
                    "type": "string",
                    "example": "123456"
                }
            }
        },
        "middleware.Response": {
            "type": "object",
            "properties": {
                "data": {
                    "type": "object"
                },
                "errmsg": {
                    "type": "string"
                },
                "errno": {
                    "type": "integer"
                },
                "stack": {
                    "type": "object"
                },
                "trace_id": {
                    "type": "object"
                }
            }
        }
    }
}